page,vendor_name,ticket_number,ticket_valid,manifest_number,manifest_valid,vendor_type,matched_term,file_name,file_path,page_image_hash,file_hash
7,Tarango,626245,valid,14763623,valid,Trucking,469-660-6912,24-105_2025-05-31_class2_beck_WM_86.pdf,C:\Users\brian.atkins\OneDrive - Lindamood Demolition\24-105 PHMS NPC - Documents\truck tickets\2025-05-31\24-105_2025-05-31_class2_beck_WM_86.pdf,e3c4b96026877290fc728c76f00bc116137828a830f9e48036567f9bb03fe2d5,d729f6f388c28f93ab0df5d989068bd3c0b8436565cd1f497d3d2c657e09e113
2,Tarango,626526,valid,L683683,review,Trucking,469-660-6912,24-105_2025-05-31_class2_beck_WM_86.pdf,C:\Users\brian.atkins\OneDrive - Lindamood Demolition\24-105 PHMS NPC - Documents\truck tickets\2025-05-31\24-105_2025-05-31_class2_beck_WM_86.pdf,b2d4deac91e0a1aca74bcb4bfc8087eb3aa3fa2f3a6ba6e278417f14f802877d,d729f6f388c28f93ab0df5d989068bd3c0b8436565cd1f497d3d2c657e09e113
8,Tarango,584398,valid,14763603,valid,Trucking,469-660-6912,24-105_2025-05-31_class2_beck_WM_86.pdf,C:\Users\brian.atkins\OneDrive - Lindamood Demolition\24-105 PHMS NPC - Documents\truck tickets\2025-05-31\24-105_2025-05-31_class2_beck_WM_86.pdf,0cc5aa3252e16e117ca6d49b4a5d50d6b12a3cda65b6ca985358f27edacbce15,d729f6f388c28f93ab0df5d989068bd3c0b8436565cd1f497d3d2c657e09e113
12,Tarango,584396,valid,14763567,valid,Trucking,469-660-6912,24-105_2025-05-31_class2_beck_WM_86.pdf,C:\Users\brian.atkins\OneDrive - Lindamood Demolition\24-105 PHMS NPC - Documents\truck tickets\2025-05-31\24-105_2025-05-31_class2_beck_WM_86.pdf,f2109f49b514023b17eac3fb7ea85eb63e8ba931925e1dbce9d4c6082e0e6941,d729f6f388c28f93ab0df5d989068bd3c0b8436565cd1f497d3d2c657e09e113
3,Tarango,625581,valid,146836657,review,Trucking,469-660-6912,24-105_2025-05-31_class2_beck_WM_86.pdf,C:\Users\brian.atkins\OneDrive - Lindamood Demolition\24-105 PHMS NPC - Documents\truck tickets\2025-05-31\24-105_2025-05-31_class2_beck_WM_86.pdf,56d671b3e058466d4a30c7675783e968fb50f5541a260b14346a86bc0b21b2fc,d729f6f388c28f93ab0df5d989068bd3c0b8436565cd1f497d3d2c657e09e113
9,Tarango,687650,valid,146841625,review,Trucking,469-660-6912,24-105_2025-05-31_class2_beck_WM_86.pdf,C:\Users\brian.atkins\OneDrive - Lindamood Demolition\24-105 PHMS NPC - Documents\truck tickets\2025-05-31\24-105_2025-05-31_class2_beck_WM_86.pdf,7795c15077a9c5ccfa9fc2ddcd2595958033e9ba92333cf189a736bb88b913e4,d729f6f388c28f93ab0df5d989068bd3c0b8436565cd1f497d3d2c657e09e113
5,Tarango,613949,valid,M763552,review,Trucking,469-660-6912,24-105_2025-05-31_class2_beck_WM_86.pdf,C:\Users\brian.atkins\OneDrive - Lindamood Demolition\24-105 PHMS NPC - Documents\truck tickets\2025-05-31\24-105_2025-05-31_class2_beck_WM_86.pdf,764d6be3eaeef9eefb738fff59c7f82d67bd76b42f664bde4ede0a702de150c8,d729f6f388c28f93ab0df5d989068bd3c0b8436565cd1f497d3d2c657e09e113
1,Tarango,587651,valid,14063620,valid,Trucking,469-660-6912,24-105_2025-05-31_class2_beck_WM_86.pdf,C:\Users\brian.atkins\OneDrive - Lindamood Demolition\24-105 PHMS NPC - Documents\truck tickets\2025-05-31\24-105_2025-05-31_class2_beck_WM_86.pdf,c9d252e1b5c5be2eff179c14841704a6540a0142cb79dd4956c8cd9eeaab4772,d729f6f388c28f93ab0df5d989068bd3c0b8436565cd1f497d3d2c657e09e113
10,Tarango,624563,valid,47/3572,review,Trucking,469-660-6912,24-105_2025-05-31_class2_beck_WM_86.pdf,C:\Users\brian.atkins\OneDrive - Lindamood Demolition\24-105 PHMS NPC - Documents\truck tickets\2025-05-31\24-105_2025-05-31_class2_beck_WM_86.pdf,24d646fa8afdecb1a1d1fd87435996ed9855d95895e2dfa2dc778b926f985ff3,d729f6f388c28f93ab0df5d989068bd3c0b8436565cd1f497d3d2c657e09e113
6,Tarango,624538,valid,1494349,review,Trucking,469-660-6912,24-105_2025-05-31_class2_beck_WM_86.pdf,C:\Users\brian.atkins\OneDrive - Lindamood Demolition\24-105 PHMS NPC - Documents\truck tickets\2025-05-31\24-105_2025-05-31_class2_beck_WM_86.pdf,9f5a09795599958414cc468a24bd2c1c1aba3ff1a18dd9b1cd4896446a3554ea,d729f6f388c28f93ab0df5d989068bd3c0b8436565cd1f497d3d2c657e09e113
11,Tarango,624539,valid,67,invalid,Trucking,469-660-6912,24-105_2025-05-31_class2_beck_WM_86.pdf,C:\Users\brian.atkins\OneDrive - Lindamood Demolition\24-105 PHMS NPC - Documents\truck tickets\2025-05-31\24-105_2025-05-31_class2_beck_WM_86.pdf,a52e8af06de850b47e2d15019153b0b0e0ac587ecccff61b4d4eef76ca885977,d729f6f388c28f93ab0df5d989068bd3c0b8436565cd1f497d3d2c657e09e113
4,Tarango,624562,valid,14683/66,review,Trucking,469-660-6912,24-105_2025-05-31_class2_beck_WM_86.pdf,C:\Users\brian.atkins\OneDrive - Lindamood Demolition\24-105 PHMS NPC - Documents\truck tickets\2025-05-31\24-105_2025-05-31_class2_beck_WM_86.pdf,377ba7147438365c1dcd32211ad7deb21cee29780d67dd4a38363905c863bb22,d729f6f388c28f93ab0df5d989068bd3c0b8436565cd1f497d3d2c657e09e113
13,Tarango,626419,valid,1763556,review,Trucking,469-660-6912,24-105_2025-05-31_class2_beck_WM_86.pdf,C:\Users\brian.atkins\OneDrive - Lindamood Demolition\24-105 PHMS NPC - Documents\truck tickets\2025-05-31\24-105_2025-05-31_class2_beck_WM_86.pdf,701f70ec17c4b13b68574aa86fbb62dedb2630e63ff20fb03a24dda5403e3753,d729f6f388c28f93ab0df5d989068bd3c0b8436565cd1f497d3d2c657e09e113
22,JDandSon,A038270,valid,14653645,valid,Trucking,dandsontrucking,24-105_2025-05-31_class2_beck_WM_86.pdf,C:\Users\brian.atkins\OneDrive - Lindamood Demolition\24-105 PHMS NPC - Documents\truck tickets\2025-05-31\24-105_2025-05-31_class2_beck_WM_86.pdf,5bdbae502469c3513f48a3cf85e716b372338e14fdfd04b06f7988bb693900be,d729f6f388c28f93ab0df5d989068bd3c0b8436565cd1f497d3d2c657e09e113
21,JDandSon,588441,valid,763609,invalid,Trucking,jd and son trucking enterprises llc,24-105_2025-05-31_class2_beck_WM_86.pdf,C:\Users\brian.atkins\OneDrive - Lindamood Demolition\24-105 PHMS NPC - Documents\truck tickets\2025-05-31\24-105_2025-05-31_class2_beck_WM_86.pdf,714e19ce335920eb318b7a809bbb98fd6db2d88f41312b5603f02a332da3ae04,d729f6f388c28f93ab0df5d989068bd3c0b8436565cd1f497d3d2c657e09e113
14,Tarango,626241,valid,1476234,review,Trucking,469-660-6912,24-105_2025-05-31_class2_beck_WM_86.pdf,C:\Users\brian.atkins\OneDrive - Lindamood Demolition\24-105 PHMS NPC - Documents\truck tickets\2025-05-31\24-105_2025-05-31_class2_beck_WM_86.pdf,b00ef417b50c37cfa8705507d7b439f96629f8a6fa88c605147bc16e233615e8,d729f6f388c28f93ab0df5d989068bd3c0b8436565cd1f497d3d2c657e09e113
23,JDandSon,623081,valid,471200,invalid,Trucking,dandsontrucking,24-105_2025-05-31_class2_beck_WM_86.pdf,C:\Users\brian.atkins\OneDrive - Lindamood Demolition\24-105 PHMS NPC - Documents\truck tickets\2025-05-31\24-105_2025-05-31_class2_beck_WM_86.pdf,071809b0b7b25f042ce4571c16a1d9337f64fc91a91a7c2941ee025f16bbf942,d729f6f388c28f93ab0df5d989068bd3c0b8436565cd1f497d3d2c657e09e113
24,JDandSon,588439,valid,6336 3C,review,Trucking,jd and son trucking enterprises llc,24-105_2025-05-31_class2_beck_WM_86.pdf,C:\Users\brian.atkins\OneDrive - Lindamood Demolition\24-105 PHMS NPC - Documents\truck tickets\2025-05-31\24-105_2025-05-31_class2_beck_WM_86.pdf,89865b9240be8a970c66ef5b0c5a5bc0189d62c5fd7a79cb53e690d328c560e7,d729f6f388c28f93ab0df5d989068bd3c0b8436565cd1f497d3d2c657e09e113
20,Roberts,1114294,valid,4 763566,review,Trucking,534-6557,24-105_2025-05-31_class2_beck_WM_86.pdf,C:\Users\brian.atkins\OneDrive - Lindamood Demolition\24-105 PHMS NPC - Documents\truck tickets\2025-05-31\24-105_2025-05-31_class2_beck_WM_86.pdf,08ebdcbb0dd162227c651bd0c9ad126131bbded2dbe22c985648239d6da87945,d729f6f388c28f93ab0df5d989068bd3c0b8436565cd1f497d3d2c657e09e113
18,Roberts,1115399,valid,,invalid,Trucking,534-6557,24-105_2025-05-31_class2_beck_WM_86.pdf,C:\Users\brian.atkins\OneDrive - Lindamood Demolition\24-105 PHMS NPC - Documents\truck tickets\2025-05-31\24-105_2025-05-31_class2_beck_WM_86.pdf,0cf93cc529b276e4f6e1e2a315dae3d82469678b1f8a8aa73e8b086ddc618407,d729f6f388c28f93ab0df5d989068bd3c0b8436565cd1f497d3d2c657e09e113
19,Roberts,1216123,valid,3606,invalid,Trucking,534-6557,24-105_2025-05-31_class2_beck_WM_86.pdf,C:\Users\brian.atkins\OneDrive - Lindamood Demolition\24-105 PHMS NPC - Documents\truck tickets\2025-05-31\24-105_2025-05-31_class2_beck_WM_86.pdf,7a8e28b3613ec1f87899cb1b2a5a3f2deb69e6f5be62cf9958e31a060891b66b,d729f6f388c28f93ab0df5d989068bd3c0b8436565cd1f497d3d2c657e09e113
17,Roberts,1224473,valid,,invalid,Trucking,534-6557,24-105_2025-05-31_class2_beck_WM_86.pdf,C:\Users\brian.atkins\OneDrive - Lindamood Demolition\24-105 PHMS NPC - Documents\truck tickets\2025-05-31\24-105_2025-05-31_class2_beck_WM_86.pdf,8215989f01d0efffcd79e575aea978f6e91cf8f6d29531af7d2a58e850ce9c31,d729f6f388c28f93ab0df5d989068bd3c0b8436565cd1f497d3d2c657e09e113
16,Roberts,1114296,valid,M0634216,review,Trucking,534-6557,24-105_2025-05-31_class2_beck_WM_86.pdf,C:\Users\brian.atkins\OneDrive - Lindamood Demolition\24-105 PHMS NPC - Documents\truck tickets\2025-05-31\24-105_2025-05-31_class2_beck_WM_86.pdf,140ecb0cd1c9ebfdc35db256ceaa1f9c5e2517894d021c269a293b134dd83901,d729f6f388c28f93ab0df5d989068bd3c0b8436565cd1f497d3d2c657e09e113
15,Tarango,614061,valid,14683655,valid,Trucking,469-660-6912,24-105_2025-05-31_class2_beck_WM_86.pdf,C:\Users\brian.atkins\OneDrive - Lindamood Demolition\24-105 PHMS NPC - Documents\truck tickets\2025-05-31\24-105_2025-05-31_class2_beck_WM_86.pdf,33614e6c34a0161384e896435aced8766aaf7f6996caf040774dbbfb749e71b2,d729f6f388c28f93ab0df5d989068bd3c0b8436565cd1f497d3d2c657e09e113
26,JDandSon,A028207,valid,,invalid,Trucking,p.o. box 703517,24-105_2025-05-31_class2_beck_WM_86.pdf,C:\Users\brian.atkins\OneDrive - Lindamood Demolition\24-105 PHMS NPC - Documents\truck tickets\2025-05-31\24-105_2025-05-31_class2_beck_WM_86.pdf,9f0349a35f162789aeab0494cba1564dcb153764c82fdee622b529a6f9fa151f,d729f6f388c28f93ab0df5d989068bd3c0b8436565cd1f497d3d2c657e09e113
25,JDandSon,623077,valid,22,invalid,Trucking,dandsontrucking,24-105_2025-05-31_class2_beck_WM_86.pdf,C:\Users\brian.atkins\OneDrive - Lindamood Demolition\24-105 PHMS NPC - Documents\truck tickets\2025-05-31\24-105_2025-05-31_class2_beck_WM_86.pdf,1cc4c942b7078e888403444ac7bfdf040e0cfff4dd811b29d923f9202f28863d,d729f6f388c28f93ab0df5d989068bd3c0b8436565cd1f497d3d2c657e09e113
27,Portillo,305844,valid,14653741,valid,Trucking,10550 goodnight lane,24-105_2025-05-31_class2_beck_WM_86.pdf,C:\Users\brian.atkins\OneDrive - Lindamood Demolition\24-105 PHMS NPC - Documents\truck tickets\2025-05-31\24-105_2025-05-31_class2_beck_WM_86.pdf,69a3777562af9afd315ec279d1e7353d862efd9fe3bfa52a245cbbe43ca58cde,d729f6f388c28f93ab0df5d989068bd3c0b8436565cd1f497d3d2c657e09e113
28,Roadstar,204032,valid,,invalid,Trucking,5326 w. ledbetter,24-105_2025-05-31_class2_beck_WM_86.pdf,C:\Users\brian.atkins\OneDrive - Lindamood Demolition\24-105 PHMS NPC - Documents\truck tickets\2025-05-31\24-105_2025-05-31_class2_beck_WM_86.pdf,dfb808077dd5110b11bd623cd5f5963a7d9da3a17aa7695d0358d80fc5a80eef,d729f6f388c28f93ab0df5d989068bd3c0b8436565cd1f497d3d2c657e09e113
29,Roadstar,189612,valid,/ 763 129,review,Trucking,469.291.7755,24-105_2025-05-31_class2_beck_WM_86.pdf,C:\Users\brian.atkins\OneDrive - Lindamood Demolition\24-105 PHMS NPC - Documents\truck tickets\2025-05-31\24-105_2025-05-31_class2_beck_WM_86.pdf,40906c6f0f65fc07bfd74168f978ebe0c1e0a8de99cfbb0578f287e82065a21a,d729f6f388c28f93ab0df5d989068bd3c0b8436565cd1f497d3d2c657e09e113
30,Roadstar,170195,valid,14683725,valid,Trucking,469.291.7755,24-105_2025-05-31_class2_beck_WM_86.pdf,C:\Users\brian.atkins\OneDrive - Lindamood Demolition\24-105 PHMS NPC - Documents\truck tickets\2025-05-31\24-105_2025-05-31_class2_beck_WM_86.pdf,30bed91549e4edde0a44bf47a8a3d5a10a6740dc3855d335a1fdf2630ee16480,d729f6f388c28f93ab0df5d989068bd3c0b8436565cd1f497d3d2c657e09e113
35,Portillo,308178,valid,14684474,valid,Trucking,10550 goodnight lane,24-105_2025-05-31_class2_beck_WM_86.pdf,C:\Users\brian.atkins\OneDrive - Lindamood Demolition\24-105 PHMS NPC - Documents\truck tickets\2025-05-31\24-105_2025-05-31_class2_beck_WM_86.pdf,196bd3ea658f0e23bf0fc67abb738e25811373dc88919fdd9a05ceb1d86fcb00,d729f6f388c28f93ab0df5d989068bd3c0b8436565cd1f497d3d2c657e09e113
31,Roadstar,137368,valid,14363bl8,review,Trucking,469.291.7755,24-105_2025-05-31_class2_beck_WM_86.pdf,C:\Users\brian.atkins\OneDrive - Lindamood Demolition\24-105 PHMS NPC - Documents\truck tickets\2025-05-31\24-105_2025-05-31_class2_beck_WM_86.pdf,9f3b33e8a9213e6741a494ea1904fb28977896c5756b56eb21c61dc9b1e4b468,d729f6f388c28f93ab0df5d989068bd3c0b8436565cd1f497d3d2c657e09e113
33,CorpoTechs,013362,valid,9763599,review,Trucking,3317 finley,24-105_2025-05-31_class2_beck_WM_86.pdf,C:\Users\brian.atkins\OneDrive - Lindamood Demolition\24-105 PHMS NPC - Documents\truck tickets\2025-05-31\24-105_2025-05-31_class2_beck_WM_86.pdf,3fe8132015e53456291fb1b32022278f16bae089620c66bb09a9f082bcc56e8c,d729f6f388c28f93ab0df5d989068bd3c0b8436565cd1f497d3d2c657e09e113
32,CorpoTechs,09884,valid,14363617,valid,Trucking,3317 finley,24-105_2025-05-31_class2_beck_WM_86.pdf,C:\Users\brian.atkins\OneDrive - Lindamood Demolition\24-105 PHMS NPC - Documents\truck tickets\2025-05-31\24-105_2025-05-31_class2_beck_WM_86.pdf,9aef0eedf5a7fdaaf8c2f08687ea2d11831f5e400c0f9d8d8f5adc7081dfd3e4,d729f6f388c28f93ab0df5d989068bd3c0b8436565cd1f497d3d2c657e09e113
34,Roadstar,189611,valid,146 684159 -4 -,review,Trucking,469.291.7755,24-105_2025-05-31_class2_beck_WM_86.pdf,C:\Users\brian.atkins\OneDrive - Lindamood Demolition\24-105 PHMS NPC - Documents\truck tickets\2025-05-31\24-105_2025-05-31_class2_beck_WM_86.pdf,43f85d0bca11e7c7872624024a7302514d477b39a4ee020ff048e0897391b74b,d729f6f388c28f93ab0df5d989068bd3c0b8436565cd1f497d3d2c657e09e113
36,Portillo,306752,valid,14763582,valid,Trucking,10550 goodnight lane,24-105_2025-05-31_class2_beck_WM_86.pdf,C:\Users\brian.atkins\OneDrive - Lindamood Demolition\24-105 PHMS NPC - Documents\truck tickets\2025-05-31\24-105_2025-05-31_class2_beck_WM_86.pdf,213e45db8daa593941e63dd0c1ceebb4467b3c44e284c73125e1d34051e3a739,d729f6f388c28f93ab0df5d989068bd3c0b8436565cd1f497d3d2c657e09e113
37,Roadstar,137366,valid,14683662,valid,Trucking,469.291.7755,24-105_2025-05-31_class2_beck_WM_86.pdf,C:\Users\brian.atkins\OneDrive - Lindamood Demolition\24-105 PHMS NPC - Documents\truck tickets\2025-05-31\24-105_2025-05-31_class2_beck_WM_86.pdf,5a113ec7ed76e2bf685722e5ac422ec78773ca10fddbab6e3512a1b1134f163c,d729f6f388c28f93ab0df5d989068bd3c0b8436565cd1f497d3d2c657e09e113
38,CorpoTechs,09882,valid,14763581,valid,Trucking,3317 finley,24-105_2025-05-31_class2_beck_WM_86.pdf,C:\Users\brian.atkins\OneDrive - Lindamood Demolition\24-105 PHMS NPC - Documents\truck tickets\2025-05-31\24-105_2025-05-31_class2_beck_WM_86.pdf,9bfd4c3f6cbed285e1a206d7e5ae2456d63209af4cb1d76be7a95eb71865decf,d729f6f388c28f93ab0df5d989068bd3c0b8436565cd1f497d3d2c657e09e113
39,Portillo,306676,valid,14683686,valid,Trucking,10550 goodnight lane,24-105_2025-05-31_class2_beck_WM_86.pdf,C:\Users\brian.atkins\OneDrive - Lindamood Demolition\24-105 PHMS NPC - Documents\truck tickets\2025-05-31\24-105_2025-05-31_class2_beck_WM_86.pdf,960a8ed2b1f71c950d3db947a7ad61bafe3023131a138256e817fb2806f037fa,d729f6f388c28f93ab0df5d989068bd3c0b8436565cd1f497d3d2c657e09e113
40,CorpoTechs,04300,valid,36:522,invalid,Trucking,3317 finley,24-105_2025-05-31_class2_beck_WM_86.pdf,C:\Users\brian.atkins\OneDrive - Lindamood Demolition\24-105 PHMS NPC - Documents\truck tickets\2025-05-31\24-105_2025-05-31_class2_beck_WM_86.pdf,56aed39b000ace82e7b08caebc514834ffc61876fa813cf9bac2600aa9ebcf35,d729f6f388c28f93ab0df5d989068bd3c0b8436565cd1f497d3d2c657e09e113
41,CorpoTechs,10658,valid,14563577.,review,Trucking,3317 finley,24-105_2025-05-31_class2_beck_WM_86.pdf,C:\Users\brian.atkins\OneDrive - Lindamood Demolition\24-105 PHMS NPC - Documents\truck tickets\2025-05-31\24-105_2025-05-31_class2_beck_WM_86.pdf,71db930b3f0ebf5aa92240026d4c36498cd039298b6c1195ef1dd2df3c8d0c1e,d729f6f388c28f93ab0df5d989068bd3c0b8436565cd1f497d3d2c657e09e113
42,Roadstar,22191,valid,,invalid,Trucking,469.291.7755,24-105_2025-05-31_class2_beck_WM_86.pdf,C:\Users\brian.atkins\OneDrive - Lindamood Demolition\24-105 PHMS NPC - Documents\truck tickets\2025-05-31\24-105_2025-05-31_class2_beck_WM_86.pdf,b2cefe0b6a562e40907a4f5911c30d6e000a6612bae8149f64d9b29d38b4d35a,d729f6f388c28f93ab0df5d989068bd3c0b8436565cd1f497d3d2c657e09e113
45,CorpoTechs,10084,valid,14763573,valid,Trucking,3317 finley,24-105_2025-05-31_class2_beck_WM_86.pdf,C:\Users\brian.atkins\OneDrive - Lindamood Demolition\24-105 PHMS NPC - Documents\truck tickets\2025-05-31\24-105_2025-05-31_class2_beck_WM_86.pdf,9f0851524116d1319e861decafa37175297a4af5452e90d92ab9fb8823626536,d729f6f388c28f93ab0df5d989068bd3c0b8436565cd1f497d3d2c657e09e113
46,Portillo,305692,valid,76356,invalid,Trucking,10550 goodnight lane,24-105_2025-05-31_class2_beck_WM_86.pdf,C:\Users\brian.atkins\OneDrive - Lindamood Demolition\24-105 PHMS NPC - Documents\truck tickets\2025-05-31\24-105_2025-05-31_class2_beck_WM_86.pdf,59194b6a2dbd851270fe9d3fc408ecfc4e0203d435ec1e756a93030cd58af4a2,d729f6f388c28f93ab0df5d989068bd3c0b8436565cd1f497d3d2c657e09e113
44,Roadstar,170193,valid,4684404,review,Trucking,469.291.7755,24-105_2025-05-31_class2_beck_WM_86.pdf,C:\Users\brian.atkins\OneDrive - Lindamood Demolition\24-105 PHMS NPC - Documents\truck tickets\2025-05-31\24-105_2025-05-31_class2_beck_WM_86.pdf,1e2d743734035243798083e028831aeea07a8b7017ffd9a4a65e648a13308fb1,d729f6f388c28f93ab0df5d989068bd3c0b8436565cd1f497d3d2c657e09e113
47,Roadstar,189609,valid,4.763565,review,Trucking,469.291.7755,24-105_2025-05-31_class2_beck_WM_86.pdf,C:\Users\brian.atkins\OneDrive - Lindamood Demolition\24-105 PHMS NPC - Documents\truck tickets\2025-05-31\24-105_2025-05-31_class2_beck_WM_86.pdf,6a8fdda6e009f72e6dfa84e1dff8cf0f83e7ac3fe741be0796f9e688b6c506b3,d729f6f388c28f93ab0df5d989068bd3c0b8436565cd1f497d3d2c657e09e113
43,Roadstar,200452,valid,14683663,valid,Trucking,469.291.7755,24-105_2025-05-31_class2_beck_WM_86.pdf,C:\Users\brian.atkins\OneDrive - Lindamood Demolition\24-105 PHMS NPC - Documents\truck tickets\2025-05-31\24-105_2025-05-31_class2_beck_WM_86.pdf,0d03012cb0c16192bce8f8a45ed783c4a50bd05b398e551e0db419a7647550ed,d729f6f388c28f93ab0df5d989068bd3c0b8436565cd1f497d3d2c657e09e113
49,CorpoTechs,12155,valid,1476356,review,Trucking,3317 finley,24-105_2025-05-31_class2_beck_WM_86.pdf,C:\Users\brian.atkins\OneDrive - Lindamood Demolition\24-105 PHMS NPC - Documents\truck tickets\2025-05-31\24-105_2025-05-31_class2_beck_WM_86.pdf,b42cacfcc404174aead68585915b6ee805919e1917c1b95822d9ff507730d5a4,d729f6f388c28f93ab0df5d989068bd3c0b8436565cd1f497d3d2c657e09e113
48,Portillo,304689,valid,163545,invalid,Trucking,10550 goodnight lane,24-105_2025-05-31_class2_beck_WM_86.pdf,C:\Users\brian.atkins\OneDrive - Lindamood Demolition\24-105 PHMS NPC - Documents\truck tickets\2025-05-31\24-105_2025-05-31_class2_beck_WM_86.pdf,e1f4df94f4c569353dfacdd3434494e25157402d078eb4f77df82d113540ac25,d729f6f388c28f93ab0df5d989068bd3c0b8436565cd1f497d3d2c657e09e113
50,Roadstar,197716,valid,14685670,valid,Trucking,469.291.7755,24-105_2025-05-31_class2_beck_WM_86.pdf,C:\Users\brian.atkins\OneDrive - Lindamood Demolition\24-105 PHMS NPC - Documents\truck tickets\2025-05-31\24-105_2025-05-31_class2_beck_WM_86.pdf,64e658bfce1f850584e65ba74cc223131ae259b283cb09ac14848d42c62a5c03,d729f6f388c28f93ab0df5d989068bd3c0b8436565cd1f497d3d2c657e09e113
52,CorpoTechs,04215,valid,74468366,review,Trucking,3317 finley,24-105_2025-05-31_class2_beck_WM_86.pdf,C:\Users\brian.atkins\OneDrive - Lindamood Demolition\24-105 PHMS NPC - Documents\truck tickets\2025-05-31\24-105_2025-05-31_class2_beck_WM_86.pdf,94a2a5714a4ef67339c581f0d8ffd07642e55beeac0eb914d8a6d5881023c45c,d729f6f388c28f93ab0df5d989068bd3c0b8436565cd1f497d3d2c657e09e113
51,Roadstar,79122,valid,4683667,review,Trucking,469.291.7755,24-105_2025-05-31_class2_beck_WM_86.pdf,C:\Users\brian.atkins\OneDrive - Lindamood Demolition\24-105 PHMS NPC - Documents\truck tickets\2025-05-31\24-105_2025-05-31_class2_beck_WM_86.pdf,58df8c99dbb5d39d58c521d83a1b1447d2d94e2485110335a68d466749e5ec49,d729f6f388c28f93ab0df5d989068bd3c0b8436565cd1f497d3d2c657e09e113
53,Roadstar,197693,valid,763635,invalid,Trucking,469.291.7755,24-105_2025-05-31_class2_beck_WM_86.pdf,C:\Users\brian.atkins\OneDrive - Lindamood Demolition\24-105 PHMS NPC - Documents\truck tickets\2025-05-31\24-105_2025-05-31_class2_beck_WM_86.pdf,694b1c07737a68293a67762f41458a2871d520b2055f1c532cb91ba3f78f20d7,d729f6f388c28f93ab0df5d989068bd3c0b8436565cd1f497d3d2c657e09e113
55,Portillo,295910,valid,1663730,review,Trucking,10550 goodnight lane,24-105_2025-05-31_class2_beck_WM_86.pdf,C:\Users\brian.atkins\OneDrive - Lindamood Demolition\24-105 PHMS NPC - Documents\truck tickets\2025-05-31\24-105_2025-05-31_class2_beck_WM_86.pdf,59bed54440da639aa399b40c886ca48830d8b64dabf2d88f73071e753e338265,d729f6f388c28f93ab0df5d989068bd3c0b8436565cd1f497d3d2c657e09e113
54,CorpoTechs,10505,valid,147162567,review,Trucking,3317 finley,24-105_2025-05-31_class2_beck_WM_86.pdf,C:\Users\brian.atkins\OneDrive - Lindamood Demolition\24-105 PHMS NPC - Documents\truck tickets\2025-05-31\24-105_2025-05-31_class2_beck_WM_86.pdf,8e65dc32e458f4a115078d608f008ef2adda9c5416c3a3d38e662559a4c863cd,d729f6f388c28f93ab0df5d989068bd3c0b8436565cd1f497d3d2c657e09e113
56,Portillo,304692,valid,4663726,review,Trucking,10550 goodnight lane,24-105_2025-05-31_class2_beck_WM_86.pdf,C:\Users\brian.atkins\OneDrive - Lindamood Demolition\24-105 PHMS NPC - Documents\truck tickets\2025-05-31\24-105_2025-05-31_class2_beck_WM_86.pdf,f27d9901b5365005e2458559de453c593e315dff2c1cb6f56ec8759fb950444b,d729f6f388c28f93ab0df5d989068bd3c0b8436565cd1f497d3d2c657e09e113
57,Roadstar,210733,valid,Hauled From:,review,Trucking,469.291.7755,24-105_2025-05-31_class2_beck_WM_86.pdf,C:\Users\brian.atkins\OneDrive - Lindamood Demolition\24-105 PHMS NPC - Documents\truck tickets\2025-05-31\24-105_2025-05-31_class2_beck_WM_86.pdf,e0427cabc946b94a71ff6c62c6cf38cd7f2d1004a43480c1addc13fadeb93fc0,d729f6f388c28f93ab0df5d989068bd3c0b8436565cd1f497d3d2c657e09e113
58,Roadstar,22194,valid,147636/3,review,Trucking,469.291.7755,24-105_2025-05-31_class2_beck_WM_86.pdf,C:\Users\brian.atkins\OneDrive - Lindamood Demolition\24-105 PHMS NPC - Documents\truck tickets\2025-05-31\24-105_2025-05-31_class2_beck_WM_86.pdf,e1c9d21efcc83e514ff7d73b33f919a8eb1a6e604c4342706db1ddb68cbf9504,d729f6f388c28f93ab0df5d989068bd3c0b8436565cd1f497d3d2c657e09e113
59,Roadstar,170119,valid,29 /,invalid,Trucking,469.291.7755,24-105_2025-05-31_class2_beck_WM_86.pdf,C:\Users\brian.atkins\OneDrive - Lindamood Demolition\24-105 PHMS NPC - Documents\truck tickets\2025-05-31\24-105_2025-05-31_class2_beck_WM_86.pdf,a7762fdf51dc8c5d41575d02340ba9b9f3d1577c375cbe963d210804d36d07e8,d729f6f388c28f93ab0df5d989068bd3c0b8436565cd1f497d3d2c657e09e113
60,Roadstar,196890,valid,14763605,valid,Trucking,469.291.7755,24-105_2025-05-31_class2_beck_WM_86.pdf,C:\Users\brian.atkins\OneDrive - Lindamood Demolition\24-105 PHMS NPC - Documents\truck tickets\2025-05-31\24-105_2025-05-31_class2_beck_WM_86.pdf,ccdec27b558621fd06f9e550e7f8d2a6208710138102bedd79c77da5e11be094,d729f6f388c28f93ab0df5d989068bd3c0b8436565cd1f497d3d2c657e09e113
61,CorpoTechs,12216,valid,11363603,review,Trucking,3317 finley,24-105_2025-05-31_class2_beck_WM_86.pdf,C:\Users\brian.atkins\OneDrive - Lindamood Demolition\24-105 PHMS NPC - Documents\truck tickets\2025-05-31\24-105_2025-05-31_class2_beck_WM_86.pdf,725b01fddd06d0a6eef57960c27cb1208a2a724e67e871c893f231afc3f92298,d729f6f388c28f93ab0df5d989068bd3c0b8436565cd1f497d3d2c657e09e113
62,Roadstar,198323,valid,4684597,review,Trucking,469.291.7755,24-105_2025-05-31_class2_beck_WM_86.pdf,C:\Users\brian.atkins\OneDrive - Lindamood Demolition\24-105 PHMS NPC - Documents\truck tickets\2025-05-31\24-105_2025-05-31_class2_beck_WM_86.pdf,f200ade91c2eaf184889ac6e98ada07698ebda3266d8bd5970368c644ae9a7fd,d729f6f388c28f93ab0df5d989068bd3c0b8436565cd1f497d3d2c657e09e113
63,Roadstar,204031,valid,4763597,review,Trucking,469.291.7755,24-105_2025-05-31_class2_beck_WM_86.pdf,C:\Users\brian.atkins\OneDrive - Lindamood Demolition\24-105 PHMS NPC - Documents\truck tickets\2025-05-31\24-105_2025-05-31_class2_beck_WM_86.pdf,92102ee0aacfc6b9ab3025e6cec73cc4c838d45fddff3ef383760984e21ba28b,d729f6f388c28f93ab0df5d989068bd3c0b8436565cd1f497d3d2c657e09e113
64,Roadstar,201115,valid,,invalid,Trucking,469.291.7755,24-105_2025-05-31_class2_beck_WM_86.pdf,C:\Users\brian.atkins\OneDrive - Lindamood Demolition\24-105 PHMS NPC - Documents\truck tickets\2025-05-31\24-105_2025-05-31_class2_beck_WM_86.pdf,cebea7c17113d5ba313beca0f78c6d3467dce8f6dd352f82b9bfbde7b362808f,d729f6f388c28f93ab0df5d989068bd3c0b8436565cd1f497d3d2c657e09e113
65,Roadstar,210890,valid,3 60,invalid,Trucking,469.291.7755,24-105_2025-05-31_class2_beck_WM_86.pdf,C:\Users\brian.atkins\OneDrive - Lindamood Demolition\24-105 PHMS NPC - Documents\truck tickets\2025-05-31\24-105_2025-05-31_class2_beck_WM_86.pdf,5a60af636fdba0e4939ee9fcb824b25e29c48894824ec0378b5181d39b183eee,d729f6f388c28f93ab0df5d989068bd3c0b8436565cd1f497d3d2c657e09e113
66,Roadstar,197690,valid,4703579,review,Trucking,469.291.7755,24-105_2025-05-31_class2_beck_WM_86.pdf,C:\Users\brian.atkins\OneDrive - Lindamood Demolition\24-105 PHMS NPC - Documents\truck tickets\2025-05-31\24-105_2025-05-31_class2_beck_WM_86.pdf,eabc177f95b9b07e7fa2f65ca474b8ff663c3db7ee521c525071b7b020524cf7,d729f6f388c28f93ab0df5d989068bd3c0b8436565cd1f497d3d2c657e09e113
68,Roadstar,187281,valid,163575,invalid,Trucking,469.291.7755,24-105_2025-05-31_class2_beck_WM_86.pdf,C:\Users\brian.atkins\OneDrive - Lindamood Demolition\24-105 PHMS NPC - Documents\truck tickets\2025-05-31\24-105_2025-05-31_class2_beck_WM_86.pdf,7246543fd857ae2ee06d771c55eff97e18996ec5523d28f81a8000bd9726b49e,d729f6f388c28f93ab0df5d989068bd3c0b8436565cd1f497d3d2c657e09e113
67,Portillo,303688,valid,14763576,valid,Trucking,10550 goodnight lane,24-105_2025-05-31_class2_beck_WM_86.pdf,C:\Users\brian.atkins\OneDrive - Lindamood Demolition\24-105 PHMS NPC - Documents\truck tickets\2025-05-31\24-105_2025-05-31_class2_beck_WM_86.pdf,9de827a7089bff700ee95ee76e9acce598690e8f26f99956277280eb99989cda,d729f6f388c28f93ab0df5d989068bd3c0b8436565cd1f497d3d2c657e09e113
69,Roadstar,163175,valid,,invalid,Trucking,469.291.7755,24-105_2025-05-31_class2_beck_WM_86.pdf,C:\Users\brian.atkins\OneDrive - Lindamood Demolition\24-105 PHMS NPC - Documents\truck tickets\2025-05-31\24-105_2025-05-31_class2_beck_WM_86.pdf,1a5718cb7d295c6b3f3c4d196d1f927f97f6599b299a821a423cfde5c4249d8a,d729f6f388c28f93ab0df5d989068bd3c0b8436565cd1f497d3d2c657e09e113
71,CorpoTechs,04216,valid,1468368/,review,Trucking,3317 finley,24-105_2025-05-31_class2_beck_WM_86.pdf,C:\Users\brian.atkins\OneDrive - Lindamood Demolition\24-105 PHMS NPC - Documents\truck tickets\2025-05-31\24-105_2025-05-31_class2_beck_WM_86.pdf,5c830d06647114d257c2900a3e870f207913022ead9317745d37c2656e0a44ff,d729f6f388c28f93ab0df5d989068bd3c0b8436565cd1f497d3d2c657e09e113
74,Roadstar,201041,valid,"Hauled, From:",review,Trucking,469.291.7755,24-105_2025-05-31_class2_beck_WM_86.pdf,C:\Users\brian.atkins\OneDrive - Lindamood Demolition\24-105 PHMS NPC - Documents\truck tickets\2025-05-31\24-105_2025-05-31_class2_beck_WM_86.pdf,d8d7d6a00c4ec5427a9f929d5ad6d0d7a4b48861890566387ef49d05f6665e61,d729f6f388c28f93ab0df5d989068bd3c0b8436565cd1f497d3d2c657e09e113
72,Portillo,295872,valid,14743567,valid,Trucking,10550 goodnight lane,24-105_2025-05-31_class2_beck_WM_86.pdf,C:\Users\brian.atkins\OneDrive - Lindamood Demolition\24-105 PHMS NPC - Documents\truck tickets\2025-05-31\24-105_2025-05-31_class2_beck_WM_86.pdf,9ce5e97db5852827bb6789d52d991b5cc196368555e0d801c318182dbfd11fb6,d729f6f388c28f93ab0df5d989068bd3c0b8436565cd1f497d3d2c657e09e113
73,CorpoTechs,10502,valid,14763570,valid,Trucking,3317 finley,24-105_2025-05-31_class2_beck_WM_86.pdf,C:\Users\brian.atkins\OneDrive - Lindamood Demolition\24-105 PHMS NPC - Documents\truck tickets\2025-05-31\24-105_2025-05-31_class2_beck_WM_86.pdf,295db342e9833b5e11e61c87421c8ee1b3f228a75defde6abdea0ce66003e070,d729f6f388c28f93ab0df5d989068bd3c0b8436565cd1f497d3d2c657e09e113
76,Portillo,303687,valid,,invalid,Trucking,10550 goodnight lane,24-105_2025-05-31_class2_beck_WM_86.pdf,C:\Users\brian.atkins\OneDrive - Lindamood Demolition\24-105 PHMS NPC - Documents\truck tickets\2025-05-31\24-105_2025-05-31_class2_beck_WM_86.pdf,754e4645531999c29780c373339932ec5c221bac983431f42bab209030a5ee4b,d729f6f388c28f93ab0df5d989068bd3c0b8436565cd1f497d3d2c657e09e113
70,Roadstar,22192,valid,4763574,review,Trucking,469.291.7755,24-105_2025-05-31_class2_beck_WM_86.pdf,C:\Users\brian.atkins\OneDrive - Lindamood Demolition\24-105 PHMS NPC - Documents\truck tickets\2025-05-31\24-105_2025-05-31_class2_beck_WM_86.pdf,b894b8d1d850ac8bff844fb28199e564767ca2e3143a08c08265fa3742b2c7c6,d729f6f388c28f93ab0df5d989068bd3c0b8436565cd1f497d3d2c657e09e113
75,CorpoTechs,09881,valid,1426358,review,Trucking,3317 finley,24-105_2025-05-31_class2_beck_WM_86.pdf,C:\Users\brian.atkins\OneDrive - Lindamood Demolition\24-105 PHMS NPC - Documents\truck tickets\2025-05-31\24-105_2025-05-31_class2_beck_WM_86.pdf,c78011acafeccd77f34fe6657b762afa77ab20346b3e838205c911e45d31f869,d729f6f388c28f93ab0df5d989068bd3c0b8436565cd1f497d3d2c657e09e113
77,Portillo,311132,valid,14683667,valid,Trucking,10550 goodnight lane,24-105_2025-05-31_class2_beck_WM_86.pdf,C:\Users\brian.atkins\OneDrive - Lindamood Demolition\24-105 PHMS NPC - Documents\truck tickets\2025-05-31\24-105_2025-05-31_class2_beck_WM_86.pdf,0a91c26c8b8f23888081afa16b7cc90fce75d0b11e29930efa3a8a5e18480d70,d729f6f388c28f93ab0df5d989068bd3c0b8436565cd1f497d3d2c657e09e113
78,Roadstar,210561,valid,4683668,review,Trucking,469.291.7755,24-105_2025-05-31_class2_beck_WM_86.pdf,C:\Users\brian.atkins\OneDrive - Lindamood Demolition\24-105 PHMS NPC - Documents\truck tickets\2025-05-31\24-105_2025-05-31_class2_beck_WM_86.pdf,0cd8441ee65f6513c64120257b840f7f7c9f292120e61c1200c3830ad33e833c,d729f6f388c28f93ab0df5d989068bd3c0b8436565cd1f497d3d2c657e09e113
79,Roadstar,170192,valid,4763554,review,Trucking,469.291.7755,24-105_2025-05-31_class2_beck_WM_86.pdf,C:\Users\brian.atkins\OneDrive - Lindamood Demolition\24-105 PHMS NPC - Documents\truck tickets\2025-05-31\24-105_2025-05-31_class2_beck_WM_86.pdf,bb972a962a796c0739b07929558d7805f338a13834478883ed3b2061040d4de3,d729f6f388c28f93ab0df5d989068bd3c0b8436565cd1f497d3d2c657e09e113
80,Roadstar,183247,valid,14683660,valid,Trucking,469.291.7755,24-105_2025-05-31_class2_beck_WM_86.pdf,C:\Users\brian.atkins\OneDrive - Lindamood Demolition\24-105 PHMS NPC - Documents\truck tickets\2025-05-31\24-105_2025-05-31_class2_beck_WM_86.pdf,42c58d3d5e7c356ac2f6be4e925d4760bb9088e7bf601c66fe193cf74bc846b7,d729f6f388c28f93ab0df5d989068bd3c0b8436565cd1f497d3d2c657e09e113
81,CorpoTechs,10501,valid,14683662,valid,Trucking,3317 finley,24-105_2025-05-31_class2_beck_WM_86.pdf,C:\Users\brian.atkins\OneDrive - Lindamood Demolition\24-105 PHMS NPC - Documents\truck tickets\2025-05-31\24-105_2025-05-31_class2_beck_WM_86.pdf,aef86a86a42c09c2aac80e35dc44a9382a9b6abaca531246f081d47a33ea3ee2,d729f6f388c28f93ab0df5d989068bd3c0b8436565cd1f497d3d2c657e09e113
84,CorpoTechs,12154,valid,1476357,review,Trucking,3317 finley,24-105_2025-05-31_class2_beck_WM_86.pdf,C:\Users\brian.atkins\OneDrive - Lindamood Demolition\24-105 PHMS NPC - Documents\truck tickets\2025-05-31\24-105_2025-05-31_class2_beck_WM_86.pdf,427e1e884b4b831a8fe1cb1effcd8ea6a85220d24233ce44e7d8b6ed27763d8a,d729f6f388c28f93ab0df5d989068bd3c0b8436565cd1f497d3d2c657e09e113
82,CorpoTechs,12256,valid,1470355/,review,Trucking,3317 finley,24-105_2025-05-31_class2_beck_WM_86.pdf,C:\Users\brian.atkins\OneDrive - Lindamood Demolition\24-105 PHMS NPC - Documents\truck tickets\2025-05-31\24-105_2025-05-31_class2_beck_WM_86.pdf,c6a01355b26eead53276e2d3578314c8f1987229e02a5f02fe8793efea64ed37,d729f6f388c28f93ab0df5d989068bd3c0b8436565cd1f497d3d2c657e09e113
83,CorpoTechs,12213,valid,147763550,review,Trucking,3317 finley,24-105_2025-05-31_class2_beck_WM_86.pdf,C:\Users\brian.atkins\OneDrive - Lindamood Demolition\24-105 PHMS NPC - Documents\truck tickets\2025-05-31\24-105_2025-05-31_class2_beck_WM_86.pdf,b0e06c81b3393320e7c2bbcccb5f198533c9f35fdfcc1dc5a4590b132c5c52fa,d729f6f388c28f93ab0df5d989068bd3c0b8436565cd1f497d3d2c657e09e113
85,Portillo,305840,valid,14603657,valid,Trucking,10550 goodnight lane,24-105_2025-05-31_class2_beck_WM_86.pdf,C:\Users\brian.atkins\OneDrive - Lindamood Demolition\24-105 PHMS NPC - Documents\truck tickets\2025-05-31\24-105_2025-05-31_class2_beck_WM_86.pdf,6867931d6dd4c69bd7816b5a55c767d52d4ae0e9b95c7a771ab8f48c6ecadef8,d729f6f388c28f93ab0df5d989068bd3c0b8436565cd1f497d3d2c657e09e113
86,Roadstar,198320,valid,14763544,valid,Trucking,469.291.7755,24-105_2025-05-31_class2_beck_WM_86.pdf,C:\Users\brian.atkins\OneDrive - Lindamood Demolition\24-105 PHMS NPC - Documents\truck tickets\2025-05-31\24-105_2025-05-31_class2_beck_WM_86.pdf,b30b01e904492ec4f59508e2eeb02cfb95b55f40b59bdfbdd5c89eb7a1183fea,d729f6f388c28f93ab0df5d989068bd3c0b8436565cd1f497d3d2c657e09e113
